profile_id,employee_id,typical_login_start,typical_login_end,working_days,preferred_locations,trusted_devices,usual_resources,average_session_duration,average_daily_logins,vpn_usage_probability,travel_probability,remote_work_probability,preferred_login_days,normal_login_locations,normal_login_hours_variance,average_resources_per_session,average_failed_logins_per_month,normal_browser_usage,normal_operating_systems,device_switch_probability
BPROF-0001,EMP-0001,8,18,Mon|Tue|Wed|Thu|Fri,LOC-HYDERABAD,DEV-0001|DEV-0002,RES-GITHUB|RES-GITLAB|RES-JIRA|RES-CONFLUENCE|RES-SLACK|RES-VPN|RES-EMAIL|RES-MICROSOFT_TEAMS|RES-KNOWLEDGE_BASE,303.0,2.6,0.57,0.42,0.6,Mon|Tue|Wed|Thu|Fri,LOC-HYDERABAD,2,7.7,0.2,Chrome|Edge,Windows|macOS,0.33
BPROF-0002,EMP-0002,8,18,Mon|Tue|Wed|Thu|Fri,LOC-SINGAPORE|LOC-HYDERABAD,DEV-0003|DEV-0004,RES-GITHUB|RES-GITLAB|RES-JIRA|RES-CONFLUENCE|RES-SLACK|RES-VPN,350.9,3.2,0.57,0.33,0.51,Mon|Tue|Wed|Thu|Fri,LOC-SINGAPORE|LOC-HYDERABAD,2,5.3,0.9,Chrome|Edge,Windows|macOS,0.21
BPROF-0003,EMP-0003,8,18,Mon|Tue|Wed|Thu|Fri,LOC-HYDERABAD,DEV-0005|DEV-0006,RES-GITHUB|RES-GITLAB|RES-JIRA|RES-CONFLUENCE|RES-SLACK|RES-VPN,398.3,2.3,0.53,0.22,0.36,Mon|Tue|Wed|Thu|Fri,LOC-HYDERABAD,2,6.3,0.2,Chrome|Edge,Windows|macOS,0.23
BPROF-0004,EMP-0004,9,18,Mon|Tue|Wed|Thu|Fri,LOC-SINGAPORE,DEV-0007|DEV-0008,RES-GITHUB|RES-GITLAB|RES-JIRA|RES-CONFLUENCE|RES-AWS_CONSOLE|RES-VPN,434.4,2.4,0.41,0.1,0.34,Mon|Tue|Wed|Thu|Fri,LOC-SINGAPORE,1,8.7,0.2,Chrome|Edge|Firefox,Windows|macOS|Linux,0.09
BPROF-0005,EMP-0005,9,18,Mon|Tue|Wed|Thu|Fri,LOC-BENGALURU,DEV-0009|DEV-0010|DEV-0011,RES-GITHUB|RES-JIRA|RES-CONFLUENCE|RES-SLACK|RES-VPN,466.3,2.0,0.36,0.03,0.5,Mon|Tue|Wed|Thu|Fri,LOC-BENGALURU,1,7.1,2.0,Chrome|Edge,Windows|macOS,0.14
BPROF-0006,EMP-0006,9,18,Mon|Tue|Wed|Thu|Fri,LOC-LONDON,DEV-0012|DEV-0013|DEV-0014,RES-GITHUB|RES-JIRA|RES-CONFLUENCE|RES-SLACK|RES-VPN,405.6,2.2,0.55,0.03,0.41,Mon|Tue|Wed|Thu|Fri,LOC-LONDON,1,6.7,1.4,Chrome|Edge,Windows|macOS,0.12
BPROF-0007,EMP-0007,9,18,Mon|Tue|Wed|Thu|Fri,LOC-SINGAPORE|LOC-HYDERABAD,DEV-0015|DEV-0016,RES-GITHUB|RES-GITLAB|RES-JIRA|RES-CONFLUENCE|RES-AWS_CONSOLE|RES-VPN,453.4,2.4,0.54,0.08,0.58,Mon|Tue|Wed|Thu|Fri,LOC-SINGAPORE|LOC-HYDERABAD,1,7.8,0.4,Chrome|Edge|Firefox,Windows|macOS|Linux,0.09
BPROF-0008,EMP-0008,9,18,Mon|Tue|Wed|Thu|Fri,LOC-NEW_YORK,DEV-0017|DEV-0018,RES-GITHUB|RES-JIRA|RES-CONFLUENCE|RES-SLACK|RES-VPN,366.7,2.7,0.54,0.05,0.32,Mon|Tue|Wed|Thu|Fri,LOC-NEW_YORK,1,7.7,1.1,Chrome|Edge,Windows|macOS,0.12
BPROF-0009,EMP-0009,10,17,Mon|Tue|Wed|Thu|Fri,LOC-LONDON|LOC-SINGAPORE,DEV-0019|DEV-0020,RES-EMAIL|RES-KNOWLEDGE_BASE|RES-SLACK|RES-CONFLUENCE,287.5,2.4,0.19,0.01,0.1,Mon|Tue|Wed|Thu|Fri,LOC-LONDON|LOC-SINGAPORE,1,3.7,1.5,Chrome|Edge,Windows|macOS,0.11
BPROF-0010,EMP-0010,9,18,Mon|Tue|Wed|Thu|Fri,LOC-LONDON,DEV-0021|DEV-0022,RES-GITHUB|RES-JIRA|RES-CONFLUENCE|RES-SLACK|RES-VPN,407.9,1.8,0.6,0.06,0.33,Mon|Tue|Wed|Thu|Fri,LOC-LONDON,1,4.2,0.2,Chrome|Edge,Windows|macOS,0.11
BPROF-0011,EMP-0011,10,17,Mon|Tue|Wed|Thu|Fri,LOC-NEW_YORK,DEV-0023|DEV-0024,RES-EMAIL|RES-KNOWLEDGE_BASE|RES-SLACK|RES-CONFLUENCE,290.7,1.1,0.18,0.05,0.16,Mon|Tue|Wed|Thu|Fri,LOC-NEW_YORK,1,4.9,2.7,Chrome|Edge,Windows|macOS,0.05
BPROF-0012,EMP-0012,10,17,Mon|Tue|Wed|Thu|Fri,LOC-LONDON,DEV-0025,RES-EMAIL|RES-KNOWLEDGE_BASE|RES-SLACK|RES-CONFLUENCE,321.8,1.8,0.15,0.03,0.07,Mon|Tue|Wed|Thu|Fri,LOC-LONDON,1,3.3,1.9,Chrome|Edge,Windows|macOS,0.15
BPROF-0013,EMP-0013,10,17,Mon|Tue|Wed|Thu|Fri,LOC-HYDERABAD,DEV-0026|DEV-0027,RES-EMAIL|RES-KNOWLEDGE_BASE|RES-SLACK|RES-CONFLUENCE,271.6,1.8,0.14,0.05,0.22,Mon|Tue|Wed|Thu|Fri,LOC-HYDERABAD,1,2.9,2.3,Chrome|Edge,Windows|macOS,0.11
BPROF-0014,EMP-0014,8,18,Mon|Tue|Wed|Thu|Fri,LOC-SINGAPORE|LOC-HYDERABAD,DEV-0028|DEV-0029,RES-VPN|RES-AWS_CONSOLE|RES-AZURE_PORTAL|RES-JIRA|RES-SLACK|RES-EMAIL|RES-MICROSOFT_TEAMS|RES-KNOWLEDGE_BASE,364.7,3.6,0.66,0.2,0.5,Mon|Tue|Wed|Thu|Fri,LOC-SINGAPORE|LOC-HYDERABAD,2,5.1,1.9,Chrome|Edge,Windows|macOS,0.46
BPROF-0015,EMP-0015,8,18,Mon|Tue|Wed|Thu|Fri,LOC-BENGALURU,DEV-0030|DEV-0031|DEV-0032,RES-VPN|RES-AWS_CONSOLE|RES-AZURE_PORTAL|RES-JIRA|RES-SLACK,357.7,2.1,0.66,0.39,0.33,Mon|Tue|Wed|Thu|Fri,LOC-BENGALURU,2,5.5,0.1,Chrome|Edge,Windows|macOS,0.3
BPROF-0016,EMP-0016,8,18,Mon|Tue|Wed|Thu|Fri,LOC-LONDON,DEV-0033|DEV-0034,RES-VPN|RES-AWS_CONSOLE|RES-AZURE_PORTAL|RES-JIRA|RES-SLACK,341.6,3.0,0.56,0.22,0.56,Mon|Tue|Wed|Thu|Fri,LOC-LONDON,2,5.3,0.4,Chrome|Edge,Windows|macOS,0.26
BPROF-0017,EMP-0017,22,6,Mon|Tue|Wed|Thu|Fri|Sat|Sun,LOC-LONDON,DEV-0035|DEV-0036,RES-VPN|RES-AWS_CONSOLE|RES-AZURE_PORTAL,505.6,3.3,0.87,0.17,0.47,Mon|Tue|Wed|Thu|Fri|Sat|Sun,LOC-LONDON,3,7.8,0.7,Chrome|Firefox,Windows|Linux,0.16
BPROF-0018,EMP-0018,6,14,Mon|Tue|Wed|Thu|Fri|Sat|Sun,LOC-NEW_YORK,DEV-0037,RES-VPN|RES-AWS_CONSOLE|RES-AZURE_PORTAL,447.6,2.9,0.72,0.23,0.27,Mon|Tue|Wed|Thu|Fri|Sat|Sun,LOC-NEW_YORK,3,9.6,2.6,Chrome|Firefox,Windows|Linux,0.16
BPROF-0019,EMP-0019,10,17,Mon|Tue|Wed|Thu|Fri,LOC-LONDON|LOC-SINGAPORE,DEV-0038|DEV-0039,RES-EMAIL|RES-KNOWLEDGE_BASE|RES-SLACK|RES-CONFLUENCE,265.7,1.2,0.29,0.03,0.14,Mon|Tue|Wed|Thu|Fri,LOC-LONDON|LOC-SINGAPORE,1,4.4,2.6,Chrome|Edge,Windows|macOS,0.07
BPROF-0020,EMP-0020,10,17,Mon|Tue|Wed|Thu|Fri,LOC-HYDERABAD|LOC-SINGAPORE,DEV-0040|DEV-0041|DEV-0042,RES-EMAIL|RES-KNOWLEDGE_BASE|RES-SLACK|RES-CONFLUENCE,282.5,1.6,0.27,0.0,0.18,Mon|Tue|Wed|Thu|Fri,LOC-HYDERABAD|LOC-SINGAPORE,1,3.9,1.1,Chrome|Edge,Windows|macOS,0.12
BPROF-0021,EMP-0021,10,17,Mon|Tue|Wed|Thu|Fri,LOC-HYDERABAD,DEV-0043,RES-EMAIL|RES-KNOWLEDGE_BASE|RES-SLACK|RES-CONFLUENCE,253.1,1.3,0.21,0.01,0.09,Mon|Tue|Wed|Thu|Fri,LOC-HYDERABAD,1,3.4,2.7,Chrome|Edge,Windows|macOS,0.06
BPROF-0022,EMP-0022,10,17,Mon|Tue|Wed|Thu|Fri,LOC-NEW_YORK,DEV-0044|DEV-0045,RES-EMAIL|RES-KNOWLEDGE_BASE|RES-SLACK|RES-CONFLUENCE,342.7,1.1,0.23,0.03,0.05,Mon|Tue|Wed|Thu|Fri,LOC-NEW_YORK,1,2.3,2.5,Chrome|Edge,Windows|macOS,0.07
BPROF-0023,EMP-0023,10,17,Mon|Tue|Wed|Thu|Fri,LOC-BENGALURU,DEV-0046|DEV-0047,RES-EMAIL|RES-KNOWLEDGE_BASE|RES-SLACK|RES-CONFLUENCE,297.8,2.3,0.28,0.01,0.05,Mon|Tue|Wed|Thu|Fri,LOC-BENGALURU,1,3.2,2.9,Chrome|Edge,Windows|macOS,0.13
BPROF-0024,EMP-0024,10,17,Mon|Tue|Wed|Thu|Fri,LOC-HYDERABAD,DEV-0048|DEV-0049|DEV-0050,RES-EMAIL|RES-KNOWLEDGE_BASE|RES-SLACK|RES-CONFLUENCE,323.6,2.1,0.26,0.03,0.15,Mon|Tue|Wed|Thu|Fri,LOC-HYDERABAD,1,2.6,1.4,Chrome|Edge,Windows|macOS,0.06
BPROF-0025,EMP-0025,22,6,Mon|Tue|Wed|Thu|Fri|Sat|Sun,LOC-SINGAPORE,DEV-0051|DEV-0052,RES-VPN|RES-AWS_CONSOLE|RES-AZURE_PORTAL,509.8,2.6,0.85,0.2,0.46,Mon|Tue|Wed|Thu|Fri|Sat|Sun,LOC-SINGAPORE,3,6.6,2.9,Chrome|Firefox,Windows|Linux,0.16
BPROF-0026,EMP-0026,6,14,Mon|Tue|Wed|Thu|Fri|Sat|Sun,LOC-SINGAPORE|LOC-BENGALURU,DEV-0053|DEV-0054,RES-VPN|RES-AWS_CONSOLE|RES-AZURE_PORTAL,501.0,3.0,0.73,0.28,0.27,Mon|Tue|Wed|Thu|Fri|Sat|Sun,LOC-SINGAPORE|LOC-BENGALURU,3,8.4,1.9,Chrome|Firefox,Windows|Linux,0.21
BPROF-0027,EMP-0027,8,18,Mon|Tue|Wed|Thu|Fri,LOC-SINGAPORE,DEV-0055|DEV-0056,RES-FINANCE_DATABASE|RES-PAYROLL|RES-EMAIL|RES-MICROSOFT_TEAMS|RES-KNOWLEDGE_BASE|RES-VPN,362.7,3.9,0.56,0.41,0.47,Mon|Tue|Wed|Thu|Fri,LOC-SINGAPORE,2,6.2,1.3,Chrome|Edge,Windows|macOS,0.29
BPROF-0028,EMP-0028,8,18,Mon|Tue|Wed|Thu|Fri,LOC-BENGALURU,DEV-0057,RES-FINANCE_DATABASE|RES-PAYROLL|RES-EMAIL|RES-MICROSOFT_TEAMS,397.7,2.1,0.54,0.4,0.6,Mon|Tue|Wed|Thu|Fri,LOC-BENGALURU,2,4.2,0.4,Chrome|Edge,Windows|macOS,0.2
BPROF-0029,EMP-0029,8,18,Mon|Tue|Wed|Thu|Fri,LOC-LONDON,DEV-0058,RES-FINANCE_DATABASE|RES-PAYROLL|RES-EMAIL|RES-MICROSOFT_TEAMS,409.3,3.8,0.51,0.19,0.55,Mon|Tue|Wed|Thu|Fri,LOC-LONDON,2,6.1,1.2,Chrome|Edge,Windows|macOS,0.35
BPROF-0030,EMP-0030,8,17,Mon|Tue|Wed|Thu|Fri,LOC-BENGALURU,DEV-0059|DEV-0060,RES-PAYROLL|RES-FINANCE_DATABASE|RES-EMAIL|RES-MICROSOFT_TEAMS,330.7,2.2,0.16,0.03,0.29,Mon|Tue|Wed|Thu|Fri,LOC-BENGALURU,1,3.4,0.1,Edge|Chrome,Windows,0.03
BPROF-0031,EMP-0031,8,17,Mon|Tue|Wed|Thu|Fri,LOC-SINGAPORE,DEV-0061|DEV-0062,RES-PAYROLL|RES-FINANCE_DATABASE|RES-EMAIL|RES-MICROSOFT_TEAMS,354.5,1.9,0.24,0.01,0.23,Mon|Tue|Wed|Thu|Fri,LOC-SINGAPORE,1,3.8,0.5,Edge|Chrome,Windows,0.07
BPROF-0032,EMP-0032,10,17,Mon|Tue|Wed|Thu|Fri,LOC-LONDON,DEV-0063|DEV-0064,RES-EMAIL|RES-KNOWLEDGE_BASE|RES-SLACK|RES-CONFLUENCE,251.1,1.6,0.16,0.0,0.2,Mon|Tue|Wed|Thu|Fri,LOC-LONDON,1,3.9,1.5,Chrome|Edge,Windows|macOS,0.12
BPROF-0033,EMP-0033,10,17,Mon|Tue|Wed|Thu|Fri,LOC-HYDERABAD,DEV-0065|DEV-0066,RES-EMAIL|RES-KNOWLEDGE_BASE|RES-SLACK|RES-CONFLUENCE,291.3,1.0,0.12,0.04,0.23,Mon|Tue|Wed|Thu|Fri,LOC-HYDERABAD,1,3.6,2.7,Chrome|Edge,Windows|macOS,0.11
BPROF-0034,EMP-0034,10,17,Mon|Tue|Wed|Thu|Fri,LOC-SINGAPORE|LOC-HYDERABAD,DEV-0067|DEV-0068,RES-EMAIL|RES-KNOWLEDGE_BASE|RES-SLACK|RES-CONFLUENCE,245.0,1.5,0.29,0.05,0.06,Mon|Tue|Wed|Thu|Fri,LOC-SINGAPORE|LOC-HYDERABAD,1,3.1,2.4,Chrome|Edge,Windows|macOS,0.12
BPROF-0035,EMP-0035,8,17,Mon|Tue|Wed|Thu|Fri,LOC-SINGAPORE,DEV-0069|DEV-0070,RES-PAYROLL|RES-FINANCE_DATABASE|RES-EMAIL|RES-MICROSOFT_TEAMS,380.4,2.3,0.29,0.04,0.29,Mon|Tue|Wed|Thu|Fri,LOC-SINGAPORE,1,3.7,0.2,Edge|Chrome,Windows,0.07
BPROF-0036,EMP-0036,8,17,Mon|Tue|Wed|Thu|Fri,LOC-BENGALURU|LOC-SINGAPORE,DEV-0071,RES-PAYROLL|RES-FINANCE_DATABASE|RES-EMAIL|RES-MICROSOFT_TEAMS,332.2,2.1,0.17,0.05,0.26,Mon|Tue|Wed|Thu|Fri,LOC-BENGALURU|LOC-SINGAPORE,1,5.6,0.8,Edge|Chrome,Windows,0.04
BPROF-0037,EMP-0037,8,17,Mon|Tue|Wed|Thu|Fri,LOC-SINGAPORE,DEV-0072|DEV-0073,RES-PAYROLL|RES-FINANCE_DATABASE|RES-EMAIL|RES-MICROSOFT_TEAMS,339.7,2.3,0.27,0.01,0.26,Mon|Tue|Wed|Thu|Fri,LOC-SINGAPORE,1,4.4,0.3,Edge|Chrome,Windows,0.07
BPROF-0038,EMP-0038,10,17,Mon|Tue|Wed|Thu|Fri,LOC-SINGAPORE|LOC-BENGALURU,DEV-0074|DEV-0075,RES-EMAIL|RES-KNOWLEDGE_BASE|RES-SLACK|RES-CONFLUENCE,319.2,1.6,0.16,0.0,0.2,Mon|Tue|Wed|Thu|Fri,LOC-SINGAPORE|LOC-BENGALURU,1,3.1,2.0,Chrome|Edge,Windows|macOS,0.12
BPROF-0039,EMP-0039,8,17,Mon|Tue|Wed|Thu|Fri,LOC-BENGALURU,DEV-0076|DEV-0077,RES-PAYROLL|RES-FINANCE_DATABASE|RES-EMAIL|RES-MICROSOFT_TEAMS,359.8,1.0,0.28,0.01,0.22,Mon|Tue|Wed|Thu|Fri,LOC-BENGALURU,1,6.0,0.0,Edge|Chrome,Windows,0.06
BPROF-0040,EMP-0040,8,18,Mon|Tue|Wed|Thu|Fri,LOC-BENGALURU,DEV-0078|DEV-0079,RES-HR_PORTAL|RES-PAYROLL|RES-EMAIL|RES-MICROSOFT_TEAMS|RES-KNOWLEDGE_BASE|RES-VPN,394.4,2.9,0.8,0.23,0.67,Mon|Tue|Wed|Thu|Fri,LOC-BENGALURU,2,5.6,0.1,Chrome|Edge,Windows|macOS,0.33
BPROF-0041,EMP-0041,8,18,Mon|Tue|Wed|Thu|Fri,LOC-NEW_YORK,DEV-0080|DEV-0081,RES-HR_PORTAL|RES-PAYROLL|RES-EMAIL|RES-MICROSOFT_TEAMS,402.6,3.4,0.68,0.33,0.36,Mon|Tue|Wed|Thu|Fri,LOC-NEW_YORK,2,5.3,1.9,Chrome|Edge,Windows|macOS,0.33
BPROF-0042,EMP-0042,8,18,Mon|Tue|Wed|Thu|Fri,LOC-HYDERABAD,DEV-0082|DEV-0083,RES-HR_PORTAL|RES-PAYROLL|RES-EMAIL|RES-MICROSOFT_TEAMS,389.7,2.2,0.67,0.28,0.5,Mon|Tue|Wed|Thu|Fri,LOC-HYDERABAD,2,5.0,1.4,Chrome|Edge,Windows|macOS,0.26
BPROF-0043,EMP-0043,10,17,Mon|Tue|Wed|Thu|Fri,LOC-LONDON|LOC-SINGAPORE,DEV-0084|DEV-0085|DEV-0086,RES-EMAIL|RES-KNOWLEDGE_BASE|RES-SLACK|RES-CONFLUENCE,321.3,2.4,0.22,0.02,0.16,Mon|Tue|Wed|Thu|Fri,LOC-LONDON|LOC-SINGAPORE,1,2.0,1.6,Chrome|Edge,Windows|macOS,0.09
BPROF-0044,EMP-0044,8,17,Mon|Tue|Wed|Thu|Fri,LOC-SINGAPORE,DEV-0087|DEV-0088,RES-HR_PORTAL|RES-PAYROLL|RES-EMAIL|RES-MICROSOFT_TEAMS,358.9,1.7,0.29,0.07,0.29,Mon|Tue|Wed|Thu|Fri,LOC-SINGAPORE,1,4.8,1.6,Edge|Chrome,Windows,0.07
BPROF-0045,EMP-0045,8,17,Mon|Tue|Wed|Thu|Fri,LOC-BENGALURU|LOC-NEW_YORK,DEV-0089|DEV-0090|DEV-0091,RES-HR_PORTAL|RES-PAYROLL|RES-EMAIL|RES-MICROSOFT_TEAMS,308.4,2.4,0.25,0.08,0.36,Mon|Tue|Wed|Thu|Fri,LOC-BENGALURU|LOC-NEW_YORK,1,3.3,0.1,Edge|Chrome,Windows,0.15
BPROF-0046,EMP-0046,8,17,Mon|Tue|Wed|Thu|Fri,LOC-NEW_YORK,DEV-0092|DEV-0093,RES-HR_PORTAL|RES-PAYROLL|RES-EMAIL|RES-MICROSOFT_TEAMS,369.2,1.7,0.38,0.11,0.34,Mon|Tue|Wed|Thu|Fri,LOC-NEW_YORK,1,3.8,0.8,Edge|Chrome,Windows,0.06
BPROF-0047,EMP-0047,10,17,Mon|Tue|Wed|Thu|Fri,LOC-NEW_YORK,DEV-0094|DEV-0095,RES-EMAIL|RES-KNOWLEDGE_BASE|RES-SLACK|RES-CONFLUENCE,347.1,2.3,0.28,0.04,0.09,Mon|Tue|Wed|Thu|Fri,LOC-NEW_YORK,1,4.4,2.4,Chrome|Edge,Windows|macOS,0.1
BPROF-0048,EMP-0048,10,17,Mon|Tue|Wed|Thu|Fri,LOC-SINGAPORE,DEV-0096|DEV-0097,RES-EMAIL|RES-KNOWLEDGE_BASE|RES-SLACK|RES-CONFLUENCE,350.1,1.2,0.13,0.02,0.16,Mon|Tue|Wed|Thu|Fri,LOC-SINGAPORE,1,3.7,1.6,Chrome|Edge,Windows|macOS,0.13
BPROF-0049,EMP-0049,8,17,Mon|Tue|Wed|Thu|Fri,LOC-SINGAPORE,DEV-0098|DEV-0099,RES-HR_PORTAL|RES-PAYROLL|RES-EMAIL|RES-MICROSOFT_TEAMS,373.4,2.3,0.29,0.14,0.29,Mon|Tue|Wed|Thu|Fri,LOC-SINGAPORE,1,3.3,1.7,Edge|Chrome,Windows,0.1
BPROF-0050,EMP-0050,8,17,Mon|Tue|Wed|Thu|Fri,LOC-SINGAPORE,DEV-0100|DEV-0101|DEV-0102,RES-HR_PORTAL|RES-PAYROLL|RES-EMAIL|RES-MICROSOFT_TEAMS,375.6,1.4,0.36,0.1,0.25,Mon|Tue|Wed|Thu|Fri,LOC-SINGAPORE,1,3.9,1.4,Edge|Chrome,Windows,0.07
BPROF-0051,EMP-0051,8,17,Mon|Tue|Wed|Thu|Fri,LOC-BENGALURU,DEV-0103|DEV-0104|DEV-0105,RES-HR_PORTAL|RES-PAYROLL|RES-EMAIL|RES-MICROSOFT_TEAMS,380.4,1.1,0.23,0.09,0.23,Mon|Tue|Wed|Thu|Fri,LOC-BENGALURU,1,3.4,0.8,Edge|Chrome,Windows,0.08
BPROF-0052,EMP-0052,8,17,Mon|Tue|Wed|Thu|Fri,LOC-SINGAPORE,DEV-0106|DEV-0107|DEV-0108,RES-HR_PORTAL|RES-PAYROLL|RES-EMAIL|RES-MICROSOFT_TEAMS,305.6,2.2,0.28,0.13,0.39,Mon|Tue|Wed|Thu|Fri,LOC-SINGAPORE,1,3.0,1.8,Edge|Chrome,Windows,0.11
BPROF-0053,EMP-0053,8,18,Mon|Tue|Wed|Thu|Fri,LOC-SINGAPORE,DEV-0109,RES-CRM|RES-EMAIL|RES-MICROSOFT_TEAMS|RES-VPN|RES-KNOWLEDGE_BASE,413.1,2.6,0.62,0.47,0.65,Mon|Tue|Wed|Thu|Fri,LOC-SINGAPORE,2,6.6,1.5,Chrome|Edge,Windows|macOS,0.44
BPROF-0054,EMP-0054,8,18,Mon|Tue|Wed|Thu|Fri,LOC-LONDON,DEV-0110|DEV-0111,RES-CRM|RES-EMAIL|RES-MICROSOFT_TEAMS|RES-VPN,373.9,2.5,0.55,0.25,0.5,Mon|Tue|Wed|Thu|Fri,LOC-LONDON,2,6.4,1.4,Chrome|Edge,Windows|macOS,0.32
BPROF-0055,EMP-0055,8,18,Mon|Tue|Wed|Thu|Fri,LOC-LONDON,DEV-0112|DEV-0113,RES-CRM|RES-EMAIL|RES-MICROSOFT_TEAMS|RES-VPN,418.3,3.1,0.67,0.3,0.5,Mon|Tue|Wed|Thu|Fri,LOC-LONDON,2,4.3,0.9,Chrome|Edge,Windows|macOS,0.32
BPROF-0056,EMP-0056,10,17,Mon|Tue|Wed|Thu|Fri,LOC-BENGALURU|LOC-NEW_YORK,DEV-0114|DEV-0115,RES-EMAIL|RES-KNOWLEDGE_BASE|RES-SLACK|RES-CONFLUENCE,285.5,1.3,0.17,0.04,0.13,Mon|Tue|Wed|Thu|Fri,LOC-BENGALURU|LOC-NEW_YORK,1,4.3,2.7,Chrome|Edge,Windows|macOS,0.08
BPROF-0057,EMP-0057,8,18,Mon|Tue|Wed|Thu|Fri,LOC-SINGAPORE|LOC-BENGALURU,DEV-0116|DEV-0117,RES-CRM|RES-EMAIL|RES-VPN|RES-MICROSOFT_TEAMS,329.9,2.2,0.69,0.49,0.52,Mon|Tue|Wed|Thu|Fri,LOC-SINGAPORE|LOC-BENGALURU,2,6.9,1.1,Chrome|Safari,Windows|macOS,0.31
BPROF-0058,EMP-0058,8,18,Mon|Tue|Wed|Thu|Fri,LOC-BENGALURU|LOC-HYDERABAD,DEV-0118|DEV-0119,RES-CRM|RES-EMAIL|RES-VPN|RES-MICROSOFT_TEAMS,314.6,2.7,0.54,0.45,0.78,Mon|Tue|Wed|Thu|Fri,LOC-BENGALURU|LOC-HYDERABAD,2,5.4,1.8,Chrome|Safari,Windows|macOS,0.41
BPROF-0059,EMP-0059,8,18,Mon|Tue|Wed|Thu|Fri,LOC-LONDON,DEV-0120|DEV-0121,RES-CRM|RES-EMAIL|RES-VPN|RES-MICROSOFT_TEAMS,355.6,4.2,0.63,0.47,0.59,Mon|Tue|Wed|Thu|Fri,LOC-LONDON,2,5.7,3.8,Chrome|Safari,Windows|macOS,0.47
BPROF-0060,EMP-0060,8,18,Mon|Tue|Wed|Thu|Fri,LOC-BENGALURU,DEV-0122,RES-CRM|RES-EMAIL|RES-VPN|RES-MICROSOFT_TEAMS,285.0,4.8,0.46,0.64,0.75,Mon|Tue|Wed|Thu|Fri,LOC-BENGALURU,2,4.7,3.1,Chrome|Safari,Windows|macOS,0.39
BPROF-0061,EMP-0061,10,17,Mon|Tue|Wed|Thu|Fri,LOC-HYDERABAD,DEV-0123|DEV-0124,RES-EMAIL|RES-KNOWLEDGE_BASE|RES-SLACK|RES-CONFLUENCE,336.7,2.2,0.21,0.0,0.16,Mon|Tue|Wed|Thu|Fri,LOC-HYDERABAD,1,4.0,1.1,Chrome|Edge,Windows|macOS,0.11
BPROF-0062,EMP-0062,10,17,Mon|Tue|Wed|Thu|Fri,LOC-LONDON|LOC-SINGAPORE,DEV-0125,RES-EMAIL|RES-KNOWLEDGE_BASE|RES-SLACK|RES-CONFLUENCE,338.7,1.2,0.29,0.03,0.22,Mon|Tue|Wed|Thu|Fri,LOC-LONDON|LOC-SINGAPORE,1,4.1,1.9,Chrome|Edge,Windows|macOS,0.12
BPROF-0063,EMP-0063,10,17,Mon|Tue|Wed|Thu|Fri,LOC-NEW_YORK,DEV-0126,RES-EMAIL|RES-KNOWLEDGE_BASE|RES-SLACK|RES-CONFLUENCE,272.4,2.2,0.21,0.02,0.14,Mon|Tue|Wed|Thu|Fri,LOC-NEW_YORK,1,4.2,1.5,Chrome|Edge,Windows|macOS,0.14
BPROF-0064,EMP-0064,8,18,Mon|Tue|Wed|Thu|Fri,LOC-LONDON,DEV-0127|DEV-0128|DEV-0129,RES-CRM|RES-EMAIL|RES-VPN|RES-MICROSOFT_TEAMS,250.4,4.6,0.47,0.59,0.68,Mon|Tue|Wed|Thu|Fri,LOC-LONDON,2,5.1,1.1,Chrome|Safari,Windows|macOS,0.56
BPROF-0065,EMP-0065,8,18,Mon|Tue|Wed|Thu|Fri,LOC-BENGALURU|LOC-LONDON,DEV-0130|DEV-0131,RES-CRM|RES-CONFLUENCE|RES-SLACK|RES-EMAIL|RES-MICROSOFT_TEAMS|RES-KNOWLEDGE_BASE|RES-VPN,342.6,2.5,0.58,0.38,0.66,Mon|Tue|Wed|Thu|Fri,LOC-BENGALURU|LOC-LONDON,2,6.7,1.0,Chrome|Edge,Windows|macOS,0.26
BPROF-0066,EMP-0066,8,18,Mon|Tue|Wed|Thu|Fri,LOC-HYDERABAD|LOC-SINGAPORE,DEV-0132|DEV-0133|DEV-0134,RES-CRM|RES-CONFLUENCE|RES-SLACK|RES-EMAIL,374.0,3.5,0.61,0.31,0.45,Mon|Tue|Wed|Thu|Fri,LOC-HYDERABAD|LOC-SINGAPORE,2,6.4,0.2,Chrome|Edge,Windows|macOS,0.19
BPROF-0067,EMP-0067,8,18,Mon|Tue|Wed|Thu|Fri,LOC-HYDERABAD,DEV-0135|DEV-0136|DEV-0137,RES-CRM|RES-CONFLUENCE|RES-SLACK|RES-EMAIL,357.6,3.2,0.54,0.28,0.43,Mon|Tue|Wed|Thu|Fri,LOC-HYDERABAD,2,6.2,0.7,Chrome|Edge,Windows|macOS,0.29
BPROF-0068,EMP-0068,10,17,Mon|Tue|Wed|Thu|Fri,LOC-BENGALURU,DEV-0138|DEV-0139,RES-EMAIL|RES-KNOWLEDGE_BASE|RES-SLACK|RES-CONFLUENCE,270.2,1.2,0.14,0.01,0.16,Mon|Tue|Wed|Thu|Fri,LOC-BENGALURU,1,4.3,1.4,Chrome|Edge,Windows|macOS,0.07
BPROF-0069,EMP-0069,10,17,Mon|Tue|Wed|Thu|Fri,LOC-SINGAPORE,DEV-0140|DEV-0141,RES-EMAIL|RES-KNOWLEDGE_BASE|RES-SLACK|RES-CONFLUENCE,327.0,2.5,0.2,0.01,0.07,Mon|Tue|Wed|Thu|Fri,LOC-SINGAPORE,1,2.6,1.5,Chrome|Edge,Windows|macOS,0.07
BPROF-0070,EMP-0070,9,18,Mon|Tue|Wed|Thu|Fri,LOC-HYDERABAD|LOC-LONDON,DEV-0142|DEV-0143,RES-CRM|RES-EMAIL|RES-CONFLUENCE|RES-SLACK,302.9,3.4,0.47,0.24,0.44,Mon|Tue|Wed|Thu|Fri,LOC-HYDERABAD|LOC-LONDON,1,5.6,1.0,Chrome|Safari,Windows|macOS,0.23
BPROF-0071,EMP-0071,9,18,Mon|Tue|Wed|Thu|Fri,LOC-BENGALURU,DEV-0144,RES-CRM|RES-EMAIL|RES-CONFLUENCE|RES-SLACK,326.3,2.4,0.36,0.11,0.68,Mon|Tue|Wed|Thu|Fri,LOC-BENGALURU,1,4.4,1.6,Chrome|Safari,Windows|macOS,0.16
BPROF-0072,EMP-0072,10,17,Mon|Tue|Wed|Thu|Fri,LOC-HYDERABAD|LOC-BENGALURU,DEV-0145|DEV-0146,RES-EMAIL|RES-KNOWLEDGE_BASE|RES-SLACK|RES-CONFLUENCE,258.2,2.2,0.29,0.0,0.1,Mon|Tue|Wed|Thu|Fri,LOC-HYDERABAD|LOC-BENGALURU,1,3.7,1.8,Chrome|Edge,Windows|macOS,0.11
BPROF-0073,EMP-0073,10,17,Mon|Tue|Wed|Thu|Fri,LOC-BENGALURU,DEV-0147,RES-EMAIL|RES-KNOWLEDGE_BASE|RES-SLACK|RES-CONFLUENCE,333.1,1.6,0.28,0.01,0.17,Mon|Tue|Wed|Thu|Fri,LOC-BENGALURU,1,3.3,2.1,Chrome|Edge,Windows|macOS,0.06
BPROF-0074,EMP-0074,9,18,Mon|Tue|Wed|Thu|Fri,LOC-LONDON,DEV-0148|DEV-0149,RES-CRM|RES-EMAIL|RES-CONFLUENCE|RES-SLACK,281.9,3.0,0.49,0.15,0.42,Mon|Tue|Wed|Thu|Fri,LOC-LONDON,1,3.7,1.1,Chrome|Safari,Windows|macOS,0.12
BPROF-0075,EMP-0075,9,18,Mon|Tue|Wed|Thu|Fri,LOC-LONDON,DEV-0150|DEV-0151,RES-CRM|RES-EMAIL|RES-CONFLUENCE|RES-SLACK,352.7,2.4,0.31,0.16,0.48,Mon|Tue|Wed|Thu|Fri,LOC-LONDON,1,5.6,0.1,Chrome|Safari,Windows|macOS,0.14
BPROF-0076,EMP-0076,10,17,Mon|Tue|Wed|Thu|Fri,LOC-NEW_YORK,DEV-0152|DEV-0153,RES-EMAIL|RES-KNOWLEDGE_BASE|RES-SLACK|RES-CONFLUENCE,334.9,1.9,0.26,0.01,0.07,Mon|Tue|Wed|Thu|Fri,LOC-NEW_YORK,1,2.7,1.3,Chrome|Edge,Windows|macOS,0.08
BPROF-0077,EMP-0077,8,18,Mon|Tue|Wed|Thu|Fri,LOC-HYDERABAD|LOC-BENGALURU,DEV-0154|DEV-0155,RES-KNOWLEDGE_BASE|RES-EMAIL|RES-FINANCE_DATABASE|RES-MICROSOFT_TEAMS|RES-VPN,319.9,2.6,0.72,0.37,0.49,Mon|Tue|Wed|Thu|Fri,LOC-HYDERABAD|LOC-BENGALURU,2,5.4,1.4,Chrome|Edge,Windows|macOS,0.41
BPROF-0078,EMP-0078,8,18,Mon|Tue|Wed|Thu|Fri,LOC-SINGAPORE,DEV-0156|DEV-0157,RES-KNOWLEDGE_BASE|RES-EMAIL|RES-FINANCE_DATABASE,375.0,3.0,0.42,0.16,0.43,Mon|Tue|Wed|Thu|Fri,LOC-SINGAPORE,2,5.0,0.5,Chrome|Edge,Windows|macOS,0.17
BPROF-0079,EMP-0079,8,18,Mon|Tue|Wed|Thu|Fri,LOC-SINGAPORE,DEV-0158|DEV-0159,RES-KNOWLEDGE_BASE|RES-EMAIL|RES-FINANCE_DATABASE,405.2,3.2,0.69,0.4,0.5,Mon|Tue|Wed|Thu|Fri,LOC-SINGAPORE,2,4.8,0.1,Chrome|Edge,Windows|macOS,0.3
BPROF-0080,EMP-0080,10,17,Mon|Tue|Wed|Thu|Fri,LOC-BENGALURU,DEV-0160|DEV-0161,RES-EMAIL|RES-KNOWLEDGE_BASE|RES-SLACK|RES-CONFLUENCE,318.2,2.4,0.14,0.03,0.18,Mon|Tue|Wed|Thu|Fri,LOC-BENGALURU,1,3.5,1.2,Chrome|Edge,Windows|macOS,0.08
BPROF-0081,EMP-0081,10,17,Mon|Tue|Wed|Thu|Fri,LOC-HYDERABAD,DEV-0162|DEV-0163|DEV-0164,RES-EMAIL|RES-KNOWLEDGE_BASE|RES-SLACK|RES-CONFLUENCE,320.4,2.3,0.17,0.03,0.11,Mon|Tue|Wed|Thu|Fri,LOC-HYDERABAD,1,4.8,2.6,Chrome|Edge,Windows|macOS,0.11
BPROF-0082,EMP-0082,10,17,Mon|Tue|Wed|Thu|Fri,LOC-SINGAPORE,DEV-0165|DEV-0166,RES-EMAIL|RES-KNOWLEDGE_BASE|RES-SLACK|RES-CONFLUENCE,277.7,1.5,0.29,0.02,0.15,Mon|Tue|Wed|Thu|Fri,LOC-SINGAPORE,1,5.0,2.3,Chrome|Edge,Windows|macOS,0.1
BPROF-0083,EMP-0083,10,17,Mon|Tue|Wed|Thu|Fri,LOC-SINGAPORE,DEV-0167|DEV-0168,RES-EMAIL|RES-KNOWLEDGE_BASE|RES-SLACK|RES-CONFLUENCE,262.5,1.5,0.25,0.03,0.2,Mon|Tue|Wed|Thu|Fri,LOC-SINGAPORE,1,2.6,2.1,Chrome|Edge,Windows|macOS,0.14
BPROF-0084,EMP-0084,9,17,Mon|Tue|Wed|Thu|Fri,LOC-SINGAPORE,DEV-0169|DEV-0170,RES-EMAIL|RES-KNOWLEDGE_BASE|RES-FINANCE_DATABASE|RES-MICROSOFT_TEAMS,383.8,1.2,0.39,0.14,0.15,Mon|Tue|Wed|Thu|Fri,LOC-SINGAPORE,1,3.3,0.6,Edge|Chrome,Windows,0.09
BPROF-0085,EMP-0085,10,17,Mon|Tue|Wed|Thu|Fri,LOC-HYDERABAD|LOC-BENGALURU,DEV-0171|DEV-0172,RES-EMAIL|RES-KNOWLEDGE_BASE|RES-SLACK|RES-CONFLUENCE,295.4,1.2,0.27,0.02,0.19,Mon|Tue|Wed|Thu|Fri,LOC-HYDERABAD|LOC-BENGALURU,1,3.5,1.5,Chrome|Edge,Windows|macOS,0.13
BPROF-0086,EMP-0086,10,17,Mon|Tue|Wed|Thu|Fri,LOC-HYDERABAD,DEV-0173|DEV-0174,RES-EMAIL|RES-KNOWLEDGE_BASE|RES-SLACK|RES-CONFLUENCE,269.2,1.8,0.18,0.05,0.15,Mon|Tue|Wed|Thu|Fri,LOC-HYDERABAD,1,4.6,2.7,Chrome|Edge,Windows|macOS,0.08
BPROF-0087,EMP-0087,10,17,Mon|Tue|Wed|Thu|Fri,LOC-NEW_YORK,DEV-0175|DEV-0176|DEV-0177,RES-EMAIL|RES-KNOWLEDGE_BASE|RES-SLACK|RES-CONFLUENCE,289.8,2.4,0.2,0.04,0.11,Mon|Tue|Wed|Thu|Fri,LOC-NEW_YORK,1,2.9,2.2,Chrome|Edge,Windows|macOS,0.15
BPROF-0088,EMP-0088,9,17,Mon|Tue|Wed|Thu|Fri,LOC-HYDERABAD,DEV-0178|DEV-0179,RES-EMAIL|RES-KNOWLEDGE_BASE|RES-FINANCE_DATABASE|RES-MICROSOFT_TEAMS,317.8,1.8,0.27,0.13,0.21,Mon|Tue|Wed|Thu|Fri,LOC-HYDERABAD,1,3.9,0.3,Edge|Chrome,Windows,0.06
BPROF-0089,EMP-0089,8,18,Mon|Tue|Wed|Thu|Fri,LOC-BENGALURU,DEV-0180|DEV-0181|DEV-0182,RES-AWS_CONSOLE|RES-AZURE_PORTAL|RES-JIRA|RES-VPN|RES-SLACK|RES-EMAIL|RES-MICROSOFT_TEAMS|RES-KNOWLEDGE_BASE,368.6,2.5,0.73,0.21,0.62,Mon|Tue|Wed|Thu|Fri,LOC-BENGALURU,2,7.1,1.6,Chrome|Edge,Windows|macOS,0.32
BPROF-0090,EMP-0090,8,18,Mon|Tue|Wed|Thu|Fri,LOC-HYDERABAD,DEV-0183|DEV-0184,RES-AWS_CONSOLE|RES-AZURE_PORTAL|RES-JIRA|RES-VPN|RES-SLACK,403.9,4.0,0.55,0.16,0.45,Mon|Tue|Wed|Thu|Fri,LOC-HYDERABAD,2,5.8,1.7,Chrome|Edge,Windows|macOS,0.32
BPROF-0091,EMP-0091,8,18,Mon|Tue|Wed|Thu|Fri,LOC-NEW_YORK,DEV-0185|DEV-0186,RES-AWS_CONSOLE|RES-AZURE_PORTAL|RES-JIRA|RES-VPN|RES-SLACK,377.3,2.9,0.62,0.25,0.5,Mon|Tue|Wed|Thu|Fri,LOC-NEW_YORK,2,4.5,0.9,Chrome|Edge,Windows|macOS,0.34
BPROF-0092,EMP-0092,8,17,Mon|Tue|Wed|Thu|Fri,LOC-SINGAPORE,DEV-0187|DEV-0188|DEV-0189,RES-JIRA|RES-VPN|RES-AWS_CONSOLE|RES-AZURE_PORTAL|RES-SLACK,422.3,2.5,0.61,0.14,0.37,Mon|Tue|Wed|Thu|Fri,LOC-SINGAPORE,2,5.5,0.6,Chrome|Firefox,Windows|Linux,0.21
BPROF-0093,EMP-0093,8,17,Mon|Tue|Wed|Thu|Fri,LOC-HYDERABAD,DEV-0190|DEV-0191|DEV-0192,RES-JIRA|RES-VPN|RES-AWS_CONSOLE|RES-AZURE_PORTAL|RES-SLACK,438.5,1.6,0.37,0.11,0.38,Mon|Tue|Wed|Thu|Fri,LOC-HYDERABAD,2,8.0,1.5,Chrome|Firefox,Windows|Linux,0.17
BPROF-0094,EMP-0094,8,17,Mon|Tue|Wed|Thu|Fri,LOC-NEW_YORK|LOC-BENGALURU,DEV-0193,RES-JIRA|RES-VPN|RES-AWS_CONSOLE|RES-AZURE_PORTAL|RES-SLACK,399.9,2.5,0.62,0.05,0.36,Mon|Tue|Wed|Thu|Fri,LOC-NEW_YORK|LOC-BENGALURU,2,5.2,0.7,Chrome|Firefox,Windows|Linux,0.12
BPROF-0095,EMP-0095,8,17,Mon|Tue|Wed|Thu|Fri,LOC-BENGALURU,DEV-0194|DEV-0195,RES-JIRA|RES-VPN|RES-AWS_CONSOLE|RES-AZURE_PORTAL|RES-SLACK,410.9,2.7,0.4,0.06,0.37,Mon|Tue|Wed|Thu|Fri,LOC-BENGALURU,2,6.5,0.5,Chrome|Firefox,Windows|Linux,0.24
BPROF-0096,EMP-0096,10,17,Mon|Tue|Wed|Thu|Fri,LOC-NEW_YORK|LOC-SINGAPORE,DEV-0196|DEV-0197,RES-EMAIL|RES-KNOWLEDGE_BASE|RES-SLACK|RES-CONFLUENCE,316.5,1.7,0.23,0.04,0.14,Mon|Tue|Wed|Thu|Fri,LOC-NEW_YORK|LOC-SINGAPORE,1,2.9,2.1,Chrome|Edge,Windows|macOS,0.06
BPROF-0097,EMP-0097,10,17,Mon|Tue|Wed|Thu|Fri,LOC-SINGAPORE,DEV-0198|DEV-0199,RES-EMAIL|RES-KNOWLEDGE_BASE|RES-SLACK|RES-CONFLUENCE,358.5,1.4,0.29,0.03,0.14,Mon|Tue|Wed|Thu|Fri,LOC-SINGAPORE,1,2.9,3.0,Chrome|Edge,Windows|macOS,0.14
BPROF-0098,EMP-0098,10,17,Mon|Tue|Wed|Thu|Fri,LOC-NEW_YORK|LOC-SINGAPORE,DEV-0200|DEV-0201,RES-EMAIL|RES-KNOWLEDGE_BASE|RES-SLACK|RES-CONFLUENCE,308.6,1.9,0.3,0.01,0.25,Mon|Tue|Wed|Thu|Fri,LOC-NEW_YORK|LOC-SINGAPORE,1,4.0,1.5,Chrome|Edge,Windows|macOS,0.11
BPROF-0099,EMP-0099,10,17,Mon|Tue|Wed|Thu|Fri,LOC-SINGAPORE,DEV-0202|DEV-0203,RES-EMAIL|RES-KNOWLEDGE_BASE|RES-SLACK|RES-CONFLUENCE,329.4,1.1,0.22,0.02,0.23,Mon|Tue|Wed|Thu|Fri,LOC-SINGAPORE,1,2.9,2.6,Chrome|Edge,Windows|macOS,0.11
BPROF-0100,EMP-0100,8,17,Mon|Tue|Wed|Thu|Fri,LOC-LONDON,DEV-0204|DEV-0205,RES-JIRA|RES-VPN|RES-AWS_CONSOLE|RES-AZURE_PORTAL|RES-SLACK,417.3,2.4,0.55,0.12,0.33,Mon|Tue|Wed|Thu|Fri,LOC-LONDON,2,7.4,1.3,Chrome|Firefox,Windows|Linux,0.24
